month,residuals
1,-0.023394332748836538
2,-0.01740184244662267
3,-0.007683564839776522
4,0.001626760934508306
5,0.01307144865502668
6,0.004774734558101045
7,-0.001646457942679328
8,0.01520855570914766
9,-0.00479461762854492
10,0.006939384326418847
11,-7.304151382915067e-4
12,0.007237213706028135
